{
  "exampleCategories": [
    { "name": "Extreme pathways", "examples": [
      {"name": "Doesn't tackle climate change (all settings at level 1)", "slug": "dosent-tackle-climate-change", "actions": [] }
    ] },
    { "name": "Govornment pathways", "examples": [
      {"name": "Analogue to MARKAL 3.26", "slug": "analogue-to-markal-3.26", "actions": [] }
    ] },
    { "name": "3rd party pathways", "examples": [
      {"name": "Friends of the earth", "slug": "analogue-to-markal-3.26", "actions": [] }
    ] }
  ]
}

